date,version,commit,branch,benchmark,time_ns
2026-08-20T17:29:38Z,0.1.0,830216c,main,noop,2
2026-08-20T19:25:48Z,0.1.0,59325f3,main,noop,2
2026-10-08T13:39:11Z,0.1.16,024be8b,main,noop,2
2026-10-08T13:39:11Z,0.1.16,024be8b,main,rlock_enter_exit,676
2026-10-08T13:39:11Z,0.1.16,024be8b,main,rlock_reenter_nested,624
2026-10-08T13:39:11Z,0.1.16,024be8b,main,mutex_lock_unlock,46
2026-10-08T13:39:11Z,0.1.16,024be8b,main,route_first_health,114
2026-10-08T13:39:11Z,0.1.16,024be8b,main,route_last_ui_plugin,889
2026-10-08T13:39:11Z,0.1.16,024be8b,main,route_miss_404,734
2026-10-08T13:39:11Z,0.1.16,024be8b,main,route_plugindata_doc,2178
2026-10-08T13:39:11Z,0.1.16,024be8b,main,guard_content_type_json,134
2026-10-08T13:39:11Z,0.1.16,024be8b,main,guard_host_loopback,131
2026-10-08T13:39:11Z,0.1.16,024be8b,main,json_kind_32k,183736
2026-10-08T13:39:11Z,0.1.16,024be8b,main,plugin_gate_granted,1285
2026-10-08T13:39:11Z,0.1.16,024be8b,main,ledger_snapshot_window_256,6138
2026-10-08T13:39:11Z,0.1.16,024be8b,main,ledger_snapshot_one_new,124
2026-10-08T13:39:11Z,0.1.16,024be8b,main,audit_entries_page_50,28532
2026-10-08T13:39:11Z,0.1.16,024be8b,main,crew_inflight_mark_clear,2056000
2026-10-08T13:39:11Z,0.1.16,024be8b,main,trace_child,1690
2026-10-08T13:39:11Z,0.1.16,024be8b,main,server_span_record,12077
